<!-- Main Site Nav -->
<nav>
	<url_base>/</url_base>
	<nav_items>
		<nav_item>
			<desc>Home</desc>
			<link></link>
			<key>home</key>
			<mode>dev-live</mode>
		</nav_item>
		<nav_item>
			<desc>Item 1</desc>
			<link>item-1/</link>
			<key>item-1</key>
			<mode>dev-live</mode>
		</nav_item>
		<nav_item>
			<desc>Item 2</desc>
			<link>item-2/</link>
			<key>item-2</key>
			<mode>dev-live</mode>
		</nav_item>
		<nav_item>
			<desc>Item 3</desc>
			<link>item-3/</link>
			<key>item-3</key>
			<mode>dev-live</mode>
		</nav_item>
		<nav_item>
			<desc>About</desc>
			<link>about/</link>
			<key>about</key>
			<mode>dev-live</mode>
		</nav_item>
		<nav_item>
			<desc>Contact Us</desc>
			<link>contact-us/</link>
			<key>contact-us</key>
			<mode>dev-live</mode>
		</nav_item>
		<nav_item>
			<desc>My Links</desc>
			<link>my-home/</link>
			<key>my-home</key>
			<mode>dev-live</mode>
			<require-login>yes</require-login>
			<class>my-home</class>
		</nav_item>
	</nav_items>
</nav>
